{"nodes":{"node:1":{"location":{"x":50,"y":20}},"node:2":{"location":{"x":50,"y":160}},"node:3":{"location":{"x":50,"y":300}},"node:4":{"location":{"x":500,"y":20}},"node:5":{"location":{"x":500,"y":140}},"node:6":{"location":{"x":500,"y":260}}},"selection":null,"view":{"scroll":{"x":-229.515945434570312,"y":-44.5221595764160156},"visible_rect":{"max":{"x":444.6455078125,"y":249.970504760742188},"min":{"x":-306.021331787109375,"y":-59.3628921508789062}},"zoom":0.749999821186065674}}