{"nodes":{"node:1":{"location":{"x":50,"y":20}},"node:2":{"location":{"x":50,"y":160}},"node:3":{"location":{"x":50,"y":300}},"node:4":{"location":{"x":500,"y":20}},"node:5":{"location":{"x":500,"y":140}},"node:6":{"location":{"x":500,"y":260}}},"selection":null,"view":{"scroll":{"x":-280.60369873046875,"y":-0.767623662948608398},"visible_rect":{"max":{"x":21838.654296875,"y":249.97052001953125},"min":{"x":-21700.02734375,"y":-59.3629150390625}},"zoom":0.0129310302436351776}}