{
    "Attack1": {
        "ControlPoint_0": [
            -3.8399999141693115,
            6.0,
            1.0
        ],
        "ControlPoint_1": [
            0.8100000023841858,
            4.0,
            1.0
        ],
        "ControlPoint_2": [
            0.0,
            0.4000000059604645,
            1.0
        ],
        "ControlPoint_3": [
            0.0,
            -2.740000009536743,
            1.0
        ],
        "Damage": 1.1699999570846558,
        "PointCount": 4
    }
}
