{
    "AttackComboA2": {
        "AttackDuration": 0.20000000298023224,
        "AttackPosture": 0,
        "ControlPoint_0": [
            -0.800000011920929,
            -0.6200000047683716,
            0.0
        ],
        "ControlPoint_1": [
            -0.6000000238418579,
            -0.6000000238418579,
            0.3499999940395355
        ],
        "ControlPoint_2": [
            -0.17000000178813934,
            -0.10000000149011612,
            0.8299999833106995
        ],
        "ControlPoint_3": [
            0.30000001192092896,
            0.4000000059604645,
            1.1399999856948853
        ],
        "ControlPoint_4": [
            0.6800000071525574,
            0.8700000047683716,
            1.3700000047683716
        ],
        "ControlPoint_5": [
            1.0,
            1.0,
            1.5
        ],
        "Damage": 1.0,
        "DrawDebugControlPoints": false,
        "HitStopIntensity": 0.03999999910593033,
        "HitStopTime": 0.03999999910593033,
        "ImpulseForce": 12.0,
        "KnockBackSpeed": [
            0.0,
            1.0,
            2.5
        ],
        "MoveSpeed": [
            0.0,
            0.0,
            2.0
        ],
        "NextAttackCount": 1,
        "NextAttackDelay": 0.4000000059604645,
        "NextAttackIndex_0": 2,
        "NextAttackIndex_1": 0,
        "NextAttackIndex_2": 0,
        "NextAttackIndex_3": -1,
        "NextAttackIndex_4": -1,
        "PointCount": 6,
        "PostDelay": 0.07999999821186066,
        "Posture": 0,
        "PreDelay": 0.07999999821186066,
        "ReactionType": 0,
        "StunTime": 0.10000000149011612,
        "TorqueForce": 0.0,
        "TotalDuration": 0.7599999904632568,
        "UpwardRatio": 0.0
    }
}
