{
    "GameSmoke": {
        "BlendMode": 3,
        "FadeType": 2,
        "IsBillboard": true,
        "ShrinkStartRatio": 0.8949999809265137,
        "maxAlpha": 0.0,
        "maxColor": [
            1.0,
            1.0,
            1.0
        ],
        "maxLifeTime": 3.0,
        "maxRotate": [
            0.0,
            0.0,
            0.0
        ],
        "maxScale": [
            0.5,
            0.5,
            0.5
        ],
        "maxTranslate": [
            10.0,
            3.0,
            10.0
        ],
        "maxVelocity": [
            0.10000000149011612,
            0.800000011920929,
            0.10000000149011612
        ],
        "minAlpha": 0.0,
        "minColor": [
            1.0,
            1.0,
            1.0
        ],
        "minLifeTime": 2.0,
        "minRotate": [
            0.0,
            0.0,
            0.0
        ],
        "minScale": [
            0.4000000059604645,
            0.4000000059604645,
            0.4000000059604645
        ],
        "minTranslate": [
            -10.0,
            2.0,
            -10.0
        ],
        "minVelocity": [
            -0.10000000149011612,
            0.4000000059604645,
            -0.10000000149011612
        ]
    }
}
