{
    "hitSmoke": {
        "BlendMode": 2,
        "FadeType": 1,
        "IsBillboard": true,
        "ShrinkStartRatio": 0.0,
        "maxAlpha": 0.0,
        "maxColor": [
            1.0,
            1.0,
            1.0
        ],
        "maxLifeTime": 0.20000000298023224,
        "maxRotate": [
            3.0,
            3.0,
            3.0
        ],
        "maxScale": [
            1.0,
            1.0,
            1.0
        ],
        "maxTranslate": [
            0.30000001192092896,
            2.700000047683716,
            0.30000001192092896
        ],
        "maxVelocity": [
            0.30000001192092896,
            0.30000001192092896,
            0.30000001192092896
        ],
        "minAlpha": 0.0,
        "minColor": [
            1.0,
            1.0,
            1.0
        ],
        "minLifeTime": 0.30000001192092896,
        "minRotate": [
            -3.0,
            -3.0,
            -3.0
        ],
        "minScale": [
            1.0,
            1.0,
            1.0
        ],
        "minTranslate": [
            -0.30000001192092896,
            3.200000047683716,
            -0.30000001192092896
        ],
        "minVelocity": [
            -0.30000001192092896,
            -0.30000001192092896,
            -0.30000001192092896
        ]
    }
}
