{
    "smoke": {
        "Count": 16,
        "EmitAll": false,
        "EmitPosition": [
            0.0,
            0.0,
            0.0
        ],
        "Frequency": 0.3400000035762787,
        "IsActive": false,
        "IsBillboard": true,
        "maxAlpha": 0.0,
        "maxColor": [
            1.0,
            1.0,
            1.0
        ],
        "maxLifeTime": 0.800000011920929,
        "maxRotate": [
            0.0,
            0.0,
            0.0
        ],
        "maxScale": [
            1.600000023841858,
            1.600000023841858,
            1.600000023841858
        ],
        "maxTranslate": [
            0.0,
            1.0,
            0.0
        ],
        "maxVelocity": [
            0.5,
            0.5,
            0.5
        ],
        "minAlpha": 0.0,
        "minColor": [
            1.0,
            1.0,
            1.0
        ],
        "minLifeTime": 0.10000000149011612,
        "minRotate": [
            0.0,
            0.0,
            0.0
        ],
        "minScale": [
            0.800000011920929,
            0.800000011920929,
            0.800000011920929
        ],
        "minTranslate": [
            0.0,
            1.0,
            0.0
        ],
        "minVelocity": [
            -0.5,
            -0.5,
            -0.5
        ]
    }
}
