{
    "TitleSmoke": {
        "Count": 3,
        "EmitAll": false,
        "EmitPosition": [
            0.0,
            0.0,
            0.0
        ],
        "Frequency": 1.0,
        "IsActive": true,
        "IsBillboard": false,
        "maxAlpha": 0.0,
        "maxColor": [
            0.125490203499794,
            0.125490203499794,
            0.125490203499794
        ],
        "maxLifeTime": 16.0,
        "maxRotate": [
            0.0,
            0.0,
            0.0
        ],
        "maxScale": [
            0.800000011920929,
            0.800000011920929,
            0.800000011920929
        ],
        "maxTranslate": [
            -8.0,
            -7.0,
            0.0
        ],
        "maxVelocity": [
            0.10000000149011612,
            1.600000023841858,
            0.10000000149011612
        ],
        "minAlpha": 0.0,
        "minColor": [
            0.062745101749897,
            0.062745101749897,
            0.062745101749897
        ],
        "minLifeTime": 12.0,
        "minRotate": [
            0.0,
            0.0,
            0.0
        ],
        "minScale": [
            1.2000000476837158,
            1.2000000476837158,
            1.2000000476837158
        ],
        "minTranslate": [
            -12.0,
            -8.0,
            0.0
        ],
        "minVelocity": [
            -0.10000000149011612,
            1.2000000476837158,
            -0.10000000149011612
        ]
    }
}
