{
    "TitleSphere": {
        "BlendMode": 2,
        "Count": 3,
        "EmitAll": false,
        "EmitPosition": [
            0.0,
            3.0,
            0.0
        ],
        "FadeType": 2,
        "Frequency": 16.0,
        "IsActive": true,
        "IsBillboard": true,
        "ShrinkStartRatio": 0.6990000009536743,
        "maxAlpha": 0.0,
        "maxColor": [
            1.0,
            1.0,
            1.0
        ],
        "maxLifeTime": 7.5,
        "maxRotate": [
            0.0,
            0.0,
            0.0
        ],
        "maxScale": [
            0.10000000149011612,
            0.10000000149011612,
            0.10000000149011612
        ],
        "maxTranslate": [
            2.0,
            0.0,
            -15.0
        ],
        "maxVelocity": [
            0.05000000074505806,
            0.05000000074505806,
            0.05000000074505806
        ],
        "minAlpha": 0.0,
        "minColor": [
            1.0,
            1.0,
            1.0
        ],
        "minLifeTime": 5.0,
        "minRotate": [
            0.0,
            0.0,
            0.0
        ],
        "minScale": [
            0.05000000074505806,
            0.05000000074505806,
            0.05000000074505806
        ],
        "minTranslate": [
            -2.0,
            1.7999999523162842,
            -15.0
        ],
        "minVelocity": [
            -0.05000000074505806,
            -0.05000000074505806,
            -0.05000000074505806
        ]
    }
}
