{
    "TitleSmoke2": {
        "BlendMode": 3,
        "Count": 10,
        "EmitAll": false,
        "EmitPosition": [
            0.0,
            0.0,
            0.0
        ],
        "FadeType": 1,
        "Frequency": 3.0,
        "IsActive": true,
        "IsBillboard": true,
        "ShrinkStartRatio": 0.0,
        "maxAlpha": 0.0,
        "maxColor": [
            1.0,
            1.0,
            1.0
        ],
        "maxLifeTime": 6.0,
        "maxRotate": [
            0.0,
            0.0,
            0.0
        ],
        "maxScale": [
            2.5,
            2.5,
            2.5
        ],
        "maxTranslate": [
            15.0,
            -1.2000000476837158,
            -10.0
        ],
        "maxVelocity": [
            0.0,
            0.4000000059604645,
            0.0
        ],
        "minAlpha": 0.0,
        "minColor": [
            1.0,
            1.0,
            1.0
        ],
        "minLifeTime": 4.0,
        "minRotate": [
            0.0,
            0.0,
            0.0
        ],
        "minScale": [
            2.0,
            2.0,
            2.0
        ],
        "minTranslate": [
            -15.0,
            -1.600000023841858,
            -15.0
        ],
        "minVelocity": [
            0.0,
            0.20000000298023224,
            0.0
        ]
    }
}
