{
    "BossArmorAura": {
        "BlendMode": 2,
        "FadeType": 1,
        "IsBillboard": true,
        "RadialMode": 0,
        "RadialSpeed": 1.0,
        "ShrinkStartRatio": 0.0,
        "maxAlpha": 1.0,
        "maxColor": [
            0.9901960492134094,
            0.0,
            0.9610726237297058
        ],
        "maxLifeTime": 0.699999988079071,
        "maxRotate": [
            0.0,
            0.0,
            3.140000104904175
        ],
        "maxScale": [
            1.2200000286102295,
            1.2200000286102295,
            1.0
        ],
        "maxTranslate": [
            0.0,
            0.0,
            0.0
        ],
        "maxVelocity": [
            0.10000000149011612,
            1.0,
            0.10000000149011612
        ],
        "minAlpha": 1.0,
        "minColor": [
            0.970588207244873,
            0.0,
            1.0
        ],
        "minLifeTime": 0.3499999940395355,
        "minRotate": [
            0.0,
            0.0,
            -3.140000104904175
        ],
        "minScale": [
            1.0,
            0.10000000149011612,
            1.0
        ],
        "minTranslate": [
            0.0,
            0.0,
            0.0
        ],
        "minVelocity": [
            -0.10000000149011612,
            0.30000001192092896,
            -0.10000000149011612
        ]
    }
}
