{
    "EnemyDamageEffect": {
        "BlendMode": 1,
        "FadeType": 0,
        "IsBillboard": true,
        "ShrinkStartRatio": 0.0,
        "maxAlpha": 0.0,
        "maxColor": [
            0.9019607901573181,
            0.5149602890014648,
            0.07958479970693588
        ],
        "maxLifeTime": 0.30000001192092896,
        "maxRotate": [
            0.0,
            0.0,
            0.0
        ],
        "maxScale": [
            0.20000000298023224,
            0.20000000298023224,
            0.20000000298023224
        ],
        "maxTranslate": [
            0.0,
            0.0,
            0.0
        ],
        "maxVelocity": [
            10.0,
            10.0,
            10.0
        ],
        "minAlpha": 0.0,
        "minColor": [
            1.0,
            0.1764705777168274,
            0.0
        ],
        "minLifeTime": 0.20000000298023224,
        "minRotate": [
            0.0,
            0.0,
            0.0
        ],
        "minScale": [
            -0.20000000298023224,
            -0.20000000298023224,
            -0.20000000298023224
        ],
        "minTranslate": [
            0.0,
            0.0,
            0.0
        ],
        "minVelocity": [
            -10.0,
            -10.0,
            -10.0
        ]
    }
}
