{
    "EnemyChargeRing": {
        "BlendMode": 2,
        "FadeType": 2,
        "IsBillboard": false,
        "ShrinkStartRatio": 0.0,
        "maxAlpha": 0.0,
        "maxColor": [
            1.0,
            0.699999988079071,
            0.0
        ],
        "maxLifeTime": 0.5,
        "maxRotate": [
            15.0,
            0.0,
            15.0
        ],
        "maxScale": [
            0.800000011920929,
            0.11999999731779099,
            0.800000011920929
        ],
        "maxTranslate": [
            0.20000000298023224,
            0.800000011920929,
            0.20000000298023224
        ],
        "maxVelocity": [
            0.0,
            0.0,
            0.0
        ],
        "minAlpha": 0.0,
        "minColor": [
            0.800000011920929,
            0.20000000298023224,
            0.0
        ],
        "minLifeTime": 0.25,
        "minRotate": [
            -15.0,
            0.0,
            -15.0
        ],
        "minScale": [
            0.4000000059604645,
            0.07999999821186066,
            0.4000000059604645
        ],
        "minTranslate": [
            -0.20000000298023224,
            0.0,
            -0.20000000298023224
        ],
        "minVelocity": [
            0.0,
            0.0,
            0.0
        ]
    }
}
