{
    "WeaponTrailEffect": {
        "BlendMode": 2,
        "FadeType": 1,
        "IsBillboard": true,
        "ShrinkStartRatio": 0.0,
        "maxAlpha": 0.0,
        "maxColor": [
            1.0,
            1.0,
            1.0
        ],
        "maxLifeTime": 1.2000000476837158,
        "maxRotate": [
            0.0,
            0.0,
            0.0
        ],
        "maxScale": [
            0.4000000059604645,
            0.4000000059604645,
            0.4000000059604645
        ],
        "maxTranslate": [
            0.10000000149011612,
            0.10000000149011612,
            0.10000000149011612
        ],
        "maxVelocity": [
            0.10000000149011612,
            0.10000000149011612,
            0.10000000149011612
        ],
        "minAlpha": 0.0,
        "minColor": [
            1.0,
            1.0,
            1.0
        ],
        "minLifeTime": 0.8999999761581421,
        "minRotate": [
            0.0,
            0.0,
            0.0
        ],
        "minScale": [
            0.20000000298023224,
            0.20000000298023224,
            0.20000000298023224
        ],
        "minTranslate": [
            -0.10000000149011612,
            -0.10000000149011612,
            -0.10000000149011612
        ],
        "minVelocity": [
            -0.10000000149011612,
            -0.10000000149011612,
            -0.10000000149011612
        ]
    }
}
