{
    "AttackComboB2": {
        "AttackDuration": 0.30000001192092896,
        "AttackPosture": 0,
        "ButtonIndex": 0,
        "ControlPoint_0": [
            -0.6000000238418579,
            -0.30000001192092896,
            0.0
        ],
        "ControlPoint_1": [
            -0.5600000023841858,
            0.0,
            0.44999998807907104
        ],
        "ControlPoint_10": [
            0.05999999865889549,
            0.5799999833106995,
            1.0
        ],
        "ControlPoint_11": [
            0.4099999964237213,
            0.5600000023841858,
            1.0
        ],
        "ControlPoint_12": [
            0.8199999928474426,
            0.5400000214576721,
            1.0
        ],
        "ControlPoint_2": [
            -0.18000000715255737,
            0.30000001192092896,
            0.800000011920929
        ],
        "ControlPoint_3": [
            0.47999998927116394,
            0.6299999952316284,
            0.7400000095367432
        ],
        "ControlPoint_4": [
            0.5799999833106995,
            1.0,
            0.0
        ],
        "ControlPoint_5": [
            0.3199999928474426,
            1.0,
            -0.7300000190734863
        ],
        "ControlPoint_6": [
            -0.3400000035762787,
            1.0,
            -0.8999999761581421
        ],
        "ControlPoint_7": [
            -0.8100000023841858,
            1.0,
            -0.3499999940395355
        ],
        "ControlPoint_8": [
            -0.6100000143051147,
            0.7900000214576721,
            0.3400000035762787
        ],
        "ControlPoint_9": [
            -0.33000001311302185,
            0.6000000238418579,
            0.9200000166893005
        ],
        "ControlRotation_0": [
            90.0,
            0.0,
            100.0
        ],
        "ControlRotation_1": [
            90.0,
            0.0,
            100.0
        ],
        "ControlRotation_10": [
            450.0,
            0.0,
            100.0
        ],
        "ControlRotation_11": [
            460.0,
            0.0,
            85.0
        ],
        "ControlRotation_12": [
            460.0,
            0.0,
            85.0
        ],
        "ControlRotation_2": [
            85.0,
            0.0,
            100.0
        ],
        "ControlRotation_3": [
            140.0,
            0.0,
            95.0
        ],
        "ControlRotation_4": [
            200.0,
            0.0,
            100.0
        ],
        "ControlRotation_5": [
            250.0,
            0.0,
            100.0
        ],
        "ControlRotation_6": [
            280.0,
            0.0,
            100.0
        ],
        "ControlRotation_7": [
            360.0,
            0.0,
            85.0
        ],
        "ControlRotation_8": [
            380.0,
            0.0,
            85.0
        ],
        "ControlRotation_9": [
            420.0,
            0.0,
            75.0
        ],
        "Damage": 1.0,
        "DirIndex": 0,
        "DrawDebugControlPoints": false,
        "HitStopIntensity": 0.03999999910593033,
        "HitStopTime": 0.029999999329447746,
        "ImpulseForce": 18.0,
        "IsAir": false,
        "IsMove": false,
        "KnockBackSpeed": [
            0.0,
            0.0,
            2.0
        ],
        "LockOnFlag": false,
        "MoveSpeed": [
            0.0,
            0.0,
            2.5
        ],
        "NextAttackCount": 1,
        "NextAttackDelay": 0.28999999165534973,
        "NextAttackIndex_0": 3,
        "NextAttackIndex_1": -1,
        "NextAttackIndex_2": -1,
        "NextAttackIndex_3": -1,
        "NextAttackIndex_4": -1,
        "NextAttack_0": "AttackComboB3",
        "NextAttack_1": "",
        "NextAttack_2": "",
        "PointCount": 13,
        "PostDelay": 0.07999999821186066,
        "Posture": 0,
        "PreDelay": 0.07999999821186066,
        "ReactionType": 0,
        "RootAttackFlag": false,
        "StunTime": 0.11999999731779099,
        "TorqueForce": 0.0,
        "TotalDuration": 0.75,
        "UpwardRatio": 0.0
    }
}
