{
    "AttackHighTime": {
        "AttackDuration": 0.30000001192092896,
        "AttackPosture": 0,
        "ControlPoint_0": [
            0.0,
            -1.159999966621399,
            -0.30000001192092896
        ],
        "ControlPoint_1": [
            0.0,
            -1.0,
            0.0
        ],
        "ControlPoint_2": [
            0.0,
            -0.800000011920929,
            0.5
        ],
        "ControlPoint_3": [
            0.0,
            -0.30000001192092896,
            0.8500000238418579
        ],
        "ControlPoint_4": [
            0.0,
            0.30000001192092896,
            1.0
        ],
        "ControlPoint_5": [
            0.0,
            0.800000011920929,
            1.0
        ],
        "ControlPoint_6": [
            0.0,
            1.5,
            1.0
        ],
        "ControlPoint_7": [
            0.0,
            2.0,
            1.7999999523162842
        ],
        "Damage": 0.0,
        "DrawDebugControlPoints": false,
        "HitStopIntensity": 0.17499999701976776,
        "HitStopTime": 0.17499999701976776,
        "KnockBackSpeed": [
            0.0,
            7.5,
            0.0
        ],
        "MoveSpeed": [
            0.0,
            12.0,
            0.0
        ],
        "NextAttackCount": 0,
        "NextAttackDelay": 0.0,
        "NextAttackIndex_0": -1,
        "NextAttackIndex_1": -1,
        "NextAttackIndex_2": -1,
        "PointCount": 8,
        "PostDelay": 0.10000000149011612,
        "Posture": 0,
        "PreDelay": 0.05000000074505806,
        "TotalDuration": 0.44999998807907104
    }
}
