{
    "AttackAerialRave1": {
        "AttackDuration": 0.14000000059604645,
        "AttackPosture": 1,
        "ButtonIndex": 2,
        "ControlPoint_0": [
            1.0,
            -0.20000000298023224,
            0.30000001192092896
        ],
        "ControlPoint_1": [
            1.0,
            -0.20000000298023224,
            0.5
        ],
        "ControlPoint_2": [
            0.800000011920929,
            0.10000000149011612,
            1.0
        ],
        "ControlPoint_3": [
            0.0,
            0.30000001192092896,
            1.600000023841858
        ],
        "ControlPoint_4": [
            -0.800000011920929,
            0.6000000238418579,
            1.0
        ],
        "ControlPoint_5": [
            -1.0,
            0.800000011920929,
            0.4000000059604645
        ],
        "ControlPoint_6": [
            -1.0,
            0.800000011920929,
            0.4000000059604645
        ],
        "ControlRotation_0": [
            120.0,
            0.0,
            100.0
        ],
        "ControlRotation_1": [
            120.0,
            0.0,
            100.0
        ],
        "ControlRotation_2": [
            100.0,
            0.0,
            90.0
        ],
        "ControlRotation_3": [
            90.0,
            0.0,
            60.0
        ],
        "ControlRotation_4": [
            80.0,
            0.0,
            50.0
        ],
        "ControlRotation_5": [
            60.0,
            0.0,
            30.0
        ],
        "ControlRotation_6": [
            60.0,
            0.0,
            30.0
        ],
        "Damage": 1.0,
        "DirIndex": 0,
        "DrawDebugControlPoints": false,
        "HitStopIntensity": 0.03999999910593033,
        "HitStopTime": 0.03999999910593033,
        "ImpulseForce": 0.0,
        "IsAir": true,
        "IsMove": false,
        "KnockBackSpeed": [
            0.0,
            0.550000011920929,
            0.0
        ],
        "LockOnFlag": false,
        "MoveSpeed": [
            0.0,
            0.6000000238418579,
            0.0
        ],
        "NextAttackCount": 1,
        "NextAttackDelay": 0.49000000953674316,
        "NextAttackIndex_0": 1,
        "NextAttackIndex_1": 0,
        "NextAttackIndex_2": -1,
        "NextAttackIndex_3": -1,
        "NextAttackIndex_4": -1,
        "NextAttack_0": "AttackAerialRave2",
        "NextAttack_1": "",
        "NextAttack_2": "",
        "PointCount": 7,
        "PostDelay": 0.03999999910593033,
        "PreDelay": 0.029999999329447746,
        "ReactionType": 0,
        "RootAttackFlag": true,
        "StunTime": 0.0,
        "TorqueForce": 0.0,
        "TotalDuration": 0.699999988079071,
        "UpwardRatio": 0.0
    }
}
