{
    "AttackAerialRave2": {
        "AttackDuration": 0.11999999731779099,
        "AttackPosture": 1,
        "ButtonIndex": 0,
        "ControlPoint_0": [
            -1.0,
            0.800000011920929,
            0.3499999940395355
        ],
        "ControlPoint_1": [
            -0.800000011920929,
            0.6000000238418579,
            1.0
        ],
        "ControlPoint_2": [
            0.0,
            0.30000001192092896,
            1.600000023841858
        ],
        "ControlPoint_3": [
            0.800000011920929,
            0.10000000149011612,
            1.0
        ],
        "ControlPoint_4": [
            1.0,
            -0.20000000298023224,
            0.5
        ],
        "ControlPoint_5": [
            1.0,
            -0.20000000298023224,
            0.0
        ],
        "Damage": 0.0,
        "DirIndex": 0,
        "DrawDebugControlPoints": false,
        "HitStopIntensity": 0.15000000596046448,
        "HitStopTime": 0.15000000596046448,
        "ImpulseForce": 0.0,
        "IsAir": false,
        "KnockBackSpeed": [
            0.0,
            0.10000000149011612,
            0.0
        ],
        "LockOnFlag": false,
        "MoveSpeed": [
            0.0,
            0.0,
            0.0
        ],
        "NextAttackCount": 0,
        "NextAttackDelay": 0.6000000238418579,
        "NextAttackIndex_0": -1,
        "NextAttackIndex_1": -1,
        "NextAttackIndex_2": -1,
        "NextAttack_0": "",
        "NextAttack_1": "",
        "NextAttack_2": "",
        "PointCount": 6,
        "PostDelay": 0.05000000074505806,
        "Posture": 0,
        "PreDelay": 0.029999999329447746,
        "ReactionType": 0,
        "RootAttackFlag": false,
        "StunTime": 0.0,
        "TorqueForce": 0.0,
        "TotalDuration": 0.699999988079071,
        "UpwardRatio": 0.0
    }
}
