{
    "AtttackAerialRave3": {
        "AttackDuration": 0.11999999731779099,
        "AttackPosture": 1,
        "ButtonIndex": 1,
        "ControlPoint_0": [
            0.20999999344348907,
            2.0,
            0.5400000214576721
        ],
        "ControlPoint_1": [
            0.18000000715255737,
            1.6100000143051147,
            0.5299999713897705
        ],
        "ControlPoint_2": [
            0.14000000059604645,
            1.2400000095367432,
            1.5700000524520874
        ],
        "ControlPoint_3": [
            0.09000000357627869,
            0.8500000238418579,
            1.8899999856948853
        ],
        "ControlPoint_4": [
            0.03999999910593033,
            0.2800000011920929,
            1.7699999809265137
        ],
        "ControlPoint_5": [
            -0.05999999865889549,
            -0.15000000596046448,
            1.350000023841858
        ],
        "ControlPoint_6": [
            -0.10000000149011612,
            -0.3100000023841858,
            0.9599999785423279
        ],
        "ControlPoint_7": [
            -0.18000000715255737,
            -0.6399999856948853,
            0.3700000047683716
        ],
        "Damage": 0.0,
        "DirIndex": 0,
        "DrawDebugControlPoints": false,
        "HitStopIntensity": 0.0,
        "HitStopTime": 0.0,
        "ImpulseForce": 0.0,
        "IsAir": true,
        "KnockBackSpeed": [
            0.0,
            0.0,
            0.0
        ],
        "LockOnFlag": false,
        "MoveSpeed": [
            0.0,
            0.0,
            0.0
        ],
        "NextAttackCount": 0,
        "NextAttackDelay": 0.6000000238418579,
        "NextAttack_0": "",
        "NextAttack_1": "",
        "NextAttack_2": "",
        "PointCount": 8,
        "PostDelay": 0.05000000074505806,
        "Posture": 0,
        "PreDelay": 0.029999999329447746,
        "ReactionType": 0,
        "RootAttackFlag": false,
        "StunTime": 0.0,
        "TorqueForce": 0.0,
        "TotalDuration": 0.699999988079071,
        "UpwardRatio": 0.0
    }
}
