{
    "Sheathe": {
        "AttackDuration": 0.20000000298023224,
        "AttackPosture": 0,
        "ButtonIndex": 0,
        "ControlPoint_0": [
            0.0,
            1.0,
            -0.5
        ],
        "ControlPoint_1": [
            0.0,
            1.0,
            -0.5
        ],
        "ControlPoint_2": [
            0.0,
            0.699999988079071,
            -0.5
        ],
        "ControlPoint_3": [
            0.0,
            0.10000000149011612,
            -0.5
        ],
        "ControlPoint_4": [
            0.0,
            0.10000000149011612,
            -0.5
        ],
        "ControlRotation_0": [
            0.0,
            90.0,
            180.0
        ],
        "ControlRotation_1": [
            0.0,
            90.0,
            180.0
        ],
        "ControlRotation_2": [
            0.0,
            90.0,
            160.0
        ],
        "ControlRotation_3": [
            0.0,
            90.0,
            150.0
        ],
        "ControlRotation_4": [
            0.0,
            90.0,
            150.0
        ],
        "Damage": 0.0,
        "DirIndex": 0,
        "DrawDebugControlPoints": false,
        "HitStopIntensity": 0.0,
        "HitStopTime": 0.0,
        "ImpulseForce": 0.0,
        "IsAir": false,
        "IsMove": true,
        "KnockBackSpeed": [
            0.0,
            0.0,
            0.0
        ],
        "LockOnFlag": false,
        "MoveSpeed": [
            0.0,
            0.0,
            0.0
        ],
        "NextAttackCount": 0,
        "NextAttackDelay": 0.05999999865889549,
        "NextAttack_0": "",
        "NextAttack_1": "",
        "NextAttack_2": "",
        "PointCount": 5,
        "PostDelay": 0.019999999552965164,
        "Posture": 0,
        "PreDelay": 0.11999999731779099,
        "ReactionType": 0,
        "RootAttackFlag": false,
        "StunTime": 0.0,
        "TorqueForce": 0.0,
        "TotalDuration": 0.36000001430511475,
        "UpwardRatio": 0.0
    }
}
