{
    "GameDirectionalLight": {
        "Color": [
            1.0,
            1.0,
            1.0,
            1.0
        ],
        "Direction": [
            0.04583928361535072,
            -0.9878506660461426,
            0.14849179983139038
        ],
        "Enabled": true,
        "Intensity": 1.0
    }
}
