{
    "SampleDir": {
        "Color": [
            1.0,
            1.0,
            1.0,
            1.0
        ],
        "Direction": [
            0.5795089602470398,
            -0.7576887011528015,
            0.300128698348999
        ],
        "Enabled": true,
        "Intensity": 1.0
    }
}
