{
    "SamplePoint": {
        "Color": [
            1.0,
            0.2078431397676468,
            1.0,
            1.0
        ],
        "Decay": 1.0,
        "Enabled": true,
        "Intensity": 5.670000076293945,
        "Position": [
            0.0,
            0.699999988079071,
            0.0
        ],
        "Radius": 10.0
    }
}
