{
    "SampleSpot": {
        "Color": [
            1.0,
            1.0,
            0.0,
            1.0
        ],
        "CosAngle": 0.953000009059906,
        "Decay": 1.0,
        "Direction": [
            0.996367335319519,
            -0.08513785153627396,
            -0.0018731682794168591
        ],
        "Distance": 7.400000095367432,
        "Enabled": true,
        "Intensity": 30.0,
        "Position": [
            0.20000000298023224,
            0.699999988079071,
            0.0
        ]
    }
}
