{
    "TitleSpot": {
        "Color": [
            1.0,
            1.0,
            1.0,
            1.0
        ],
        "CosAngle": 0.9380000233650208,
        "Decay": 0.029999999329447746,
        "Direction": [
            0.0,
            -0.08305338770151138,
            0.996545135974884
        ],
        "Distance": 18.899999618530273,
        "Enabled": true,
        "Intensity": 0.800000011920929,
        "Position": [
            0.0,
            4.800000190734863,
            -17.899999618530273
        ]
    }
}
